{
  "AL-ADESA Birmingham (AL)": 405,
  "AL-ANCHORAGE, AK": 2030,
  "AL-Huntsville": 430,
  "AL-BIRMINGHAM": 405,
  "AL-MOBILE": 430,
  "AL-Dothan": 430,
  "AL-Montgomery": 430,
  "AL-AL - DOTHAN": 480,
  "AL-TANNER": 455,
  "AL-BIRMINGHAM AL SUBLOT": 330,
  "AL-Anchorage": 2080,
  "AR-LITTLE ROCK": 480,
  "AR-FAYETTEVILLE": 505,
  "AZ-PHOENIX": 430,
  "AZ-TUCSON": 530,
  "CA-ADELANTO": 390,
  "CA-Anaheim": 280,
  "CA-CA - REDDING": 585,
  "CA-ANTELOPE": 455,
  "CA-BAKERSFIELD": 355,
  "CA-East Bay": 455,
  "CA-BURBANK": 350,
  "CA-ANDERSON": 585,
  "CA-ACE - Carson (CA)": 390,
  "CA-SAN BERNARDINO": 300,
  "CA-Colton": 290,
  "CA-Fontana": 300,
  "CA-Fremont": 455,
  "CA-FRESNO": 430,
  "CA-SACRAMENTO CA SUBLOT": 565,
  "CA-Los Angeles": 270,
  "CA-HAYWARD": 480,
  "CA-High Desert": 380,
  "CA-LANCASTER CA SUBLOT": 430,
  "CA-LOS ANGELES": 280,
  "CA-North Hollywood": 270,
  "CA-MARTINEZ": 455,
  "CA-ACE - Perris": 340,
  "CA-Sacramento": 455,
  "CA-RANCHO CUCAMONGA": 320,
  "CA-SACRAMENTO": 480,
  "CA-SAN DIEGO": 330,
  "CA-San Jose": 455,
  "CA-SANTA PAULA CA SUBLOT": 390,
  "CA-Sun Valley SUBLOT": 280,
  "CA-VALLEJO": 455,
  "CA-VAN NUYS": 280,
  "CA-Long Beach": 280,
  "CA-Los Angeles South": 270,
  "CO-DENVER": 655,
  "CO-COLORADO SPRINGS CO SUBLOT": 630,
  "CO-COLORADO SPRINGS": 630,
  "CO-DENVER EAST": 655,
  "CO-Western Colorado": 1080,
  "CO-Denver Central": 630,
  "CO-FORT LUPTON": 740,
  "CO-CO - DENVER SOUTH": 630,
  "CT-CT - HARTFORD SPRINGFIELD": 405,
  "CT-HARTFORD": 330,
  "CT-BERLIN CT SUBLOT": 405,
  "CT-Hartford-South": 330,
  "DE-New Castle": 330,
  "DE-SEAFORD": 405,
  "FL-ORLANDO NORTH": 330,
  "FL-Clearwater": 300,
  "FL-Fort Myers": 370,
  "FL-FT. PIERCE": 280,
  "FL-MIAMI SOUTH": 260,
  "FL-Tampa North": 355,
  "FL-JACKSONVILLE EAST": 330,
  "FL-JACKSONVILLE": 280,
  "FL-JACKSONVILLE WEST": 330,
  "FL-MIAMI CENTRAL": 260,
  "FL-MIAMI NORTH": 220,
  "FL-TALLAHASSEE": 360,
  "FL-Pensacola": 400,
  "FL-OCALA": 280,
  "FL-Miami": 220,
  "FL-ORLANDO SOUTH": 330,
  "FL-ORLANDO": 320,
  "FL-Tampa": 320,
  "FL-PUNTA GORDA": 330,
  "FL-TAMPA SOUTH": 355,
  "FL-Orlando-North": 320,
  "FL-Miami-North (FL)": 230,
  "FL-WEST PALM BEACH": 260,
  "GA-ATLANTA NORTH": 330,
  "GA-ATLANTA WEST": 330,
  "GA-GA - MACON": 330,
  "GA-CARTERSVILLE": 355,
  "GA-EAST POINT": 330,
  "GA-GA - CRASHEDTOYS ATLANTA": 330,
  "GA-ATLANTA SOUTH": 330,
  "GA-FAIRBURN": 450,
  "GA-ATLANTA EAST": 330,
  "GA-MACON": 330,
  "GA-SAVANNAH": 230,
  "GA-TIFTON": 330,
  "GA-METTER GA SUBLOT": 330,
  "GA-Atlanta East": 330,
  "HI-HONOLULU": 1960,
  "IA-Davenport": 655,
  "IA-Des Moines": 680,
  "IA-DES MOINES": 680,
  "IA-CRASHEDTOYS ELDRIDGE": 680,
  "IA-DAVENPORT": 680,
  "ID-BOISE": 710,
  "ID-Boise": 750,
  "IL-Southern Illinois": 630,
  "IL-ALORTON": 630,
  "IL-CHICAGO WEST": 530,
  "IL-St. Louis": 580,
  "IL-CHICAGO SOUTH": 530,
  "IL-CHICAGO NORTH": 530,
  "IL-LINCOLN": 655,
  "IL-PEORIA": 610,
  "IL-Specialty Division": 550,
  "IL-LOUIS IL SUBLOT": 680,
  "IL-WHEELING": 530,
  "IN-CICERO": 580,
  "IN-DYER": 600,
  "IN-FORT WAYNE": 560,
  "IN-HAMMOND": 555,
  "IN-HARTFORD CITY": 605,
  "IN-INDIANAPOLIS": 580,
  "IN-South Bend": 630,
  "KS-KANSAS CITY": 500,
  "KS-WICHITA": 660,
  "KS-Wichita": 580,
  "KY-Ashland, KY": 630,
  "KY-Bowling Green, KY": 780,
  "KY-LOUISVILLE NORTH": 630,
  "KY-LEXINGTON WEST": 580,
  "KY-LEXINGTON EAST": 580,
  "KY-LOUISVILLE": 630,
  "KY-Paducah, KY": 700,
  "KY-Louisville": 630,
  "KY-WALTON": 580,
  "LA-Baton Rouge (LA)": 460,
  "LA-NEW ORLEANS": 455,
  "LA-TICKFAW LA SUBLOT": 480,
  "LA-BATON ROUGE": 460,
  "LA-Shreveport": 380,
  "LA-Lafayette": 380,
  "LA-NEW ORLEANS EAST": 380,
  "LA-NORTH SCOTT": 620,
  "LA-SHREVEPORT": 355,
  "MA-Taunton": 380,
  "MA-SOUTH BOSTON": 380,
  "MA-NORTH BOSTON": 380,
  "MA-Boston - Shirley": 380,
  "MA-Templeton (MA)": 430,
  "MA-WEST WARREN": 380,
  "MD-BALTIMORE EAST": 405,
  "MD-BALTIMORE": 355,
  "MD-Metro DC": 355,
  "MD-Dundalk": 355,
  "MD-Laurel": 380,
  "MD-BALTIMORE MD SUBLOT": 405,
  "MD-Rosedale": 380,
  "MD-WASHINGTON DC": 355,
  "MD-WHITE MARSH SUBLOT": 405,
  "MD-WHITE PLAINS": 380,
  "ME-Portland - Gorham": 530,
  "ME-GRAY ME SUBLOT": 530,
  "ME-LYMAN": 530,
  "ME-ORONO ME SUBLOT": 630,
  "MI-Great Lakes": 780,
  "MI-DETROIT": 630,
  "MI-Grand Rapids": 630,
  "MI-FLINT": 630,
  "MI-Flint": 630,
  "MI-KINCHELOE": 1005,
  "MI-LANSING": 630,
  "MI-IONIA": 580,
  "MN-ST. CLOUD": 655,
  "MN-MINNEAPOLIS": 630,
  "MN-CRASHEDTOYS MINNEAPOLIS": 630,
  "MN-HAM LAKE MN SUBLOT": 710,
  "MN-CRASHEDTOYS EAST BETHEL": 655,
  "MN-MINNEAPOLIS NORTH": 630,
  "MN-Minneapolis": 630,
  "MO-ST. LOUIS": 630,
  "MO-COLUMBIA": 630,
  "MO-SPRINGFIELD MO SUBLOT": 760,
  "MO-Kansas City East": 730,
  "MO-SPRINGFIELD": 630,
  "MO-SIKESTON": 630,
  "MO-Springfield": 730,
  "MS-BYRAM": 430,
  "MS-JACKSON": 480,
  "MS-Grenada": 505,
  "MS-Jackson": 450,
  "MS-Gulf Coast": 455,
  "MT-BILLINGS": 930,
  "MT-Helena": 1030,
  "MT-Missoula": 980,
  "NC-Wilmington": 355,
  "NC-Charlotte": 330,
  "NC-CHINA GROVE": 330,
  "NC-Raleigh": 355,
  "NC-CONCORD": 460,
  "NC-Concord": 380,
  "NC-LUMBERTON NC SUBLOT": 430,
  "NC-RALEIGH": 380,
  "NC-Asheville": 390,
  "NC-GASTONIA": 460,
  "NC-Greensboro": 380,
  "NC-NC - RALEIGH NORTH": 475,
  "NC-MEBANE": 380,
  "NC-MOCKSVILLE": 380,
  "ND-BISMARCK": 980,
  "ND-FARGO": 980,
  "NE-LINCOLN": 755,
  "NE-Omaha": 730,
  "NH-CANDIA": 480,
  "NH-Manchester": 430,
  "NJ-Avenel New Jersey": 230,
  "NJ-Northern New Jersey": 220,
  "NJ-Englishtown": 225,
  "NJ-GLASSBORO EAST": 305,
  "NJ-SOMERVILLE": 240,
  "NJ-Central New Jersey": 230,
  "NJ-Sayreville": 230,
  "NJ-Southern New Jersey": 280,
  "NJ-TRENTON": 240,
  "NM-ALBUQUERQUE": 605,
  "NV-LAS VEGAS": null,
  "NV-RENO": null,
  "NY-ALBANY": 355,
  "NY-BUFFALO": 540,
  "NY-Rochester": 455,
  "NY-BROCTON NY SUBLOT": 580,
  "NY-LONG ISLAND": 330,
  "NY-Buffalo": 530,
  "NY-SYRACUSE": 380,
  "NY-Syracuse": 400,
  "NY-ROCHESTER": 455,
  "NY-NEWBURGH": 330,
  "NY-Long Island": 330,
  "NY-Newburgh": 330,
  "NY-Albany": 355,
  "OH-Cincinnati-South": 555,
  "OH-CLEVELAND WEST": 530,
  "OH-Columbus": 505,
  "OH-COLUMBUS": 530,
  "OH-Dayton": 530,
  "OH-CLEVELAND": 505,
  "OH-DAYTON": 530,
  "OH-Akron-Canton": 480,
  "OH-CLEVELAND EAST": 530,
  "OH-Cincinnati": 505,
  "OK-OKLAHOMA CITY": 510,
  "OK-TULSA": 500,
  "OR-EUGENE": 1030,
  "PA-PITTSBURGH EAST": 480,
  "PA-Pittsburgh": 480,
  "PA-Bridgeport": 305,
  "PA-PHILADELPHIA EAST-SUBLOT": 300,
  "PA-CHAMBERSBURG": 455,
  "PA-Philadelphia": 300,
  "PA-SCRANTON": 330,
  "PA-ALTOONA": 480,
  "PA-PITTSBURGH NORTH": 480,
  "PA-Erie": 555,
  "PA-HARRISBURG": 405,
  "PA-PHILADELPHIA": 300,
  "PA-Philadelphia East (PA)": 300,
  "PA-Scranton": 330,
  "PA-PITTSBURGH SOUTH": 480,
  "PA-YORK HAVEN": 405,
  "PA-York Springs": 380,
  "RI-East Providence": 405,
  "RI-RI - EXETER": 405,
  "SC-COLUMBIA": 300,
  "SC-GREER": 330,
  "SC-SC - NORTH CHARLESTON": 305,
  "SC-Lexington": 415,
  "SC-Gaston, SC SUBLOT": 300,
  "SC-Charleston": 305,
  "SC-Greenville": 380,
  "SC-SPARTANBURG SUBLOT": 355,
  "SD-Sioux Falls": 920,
  "TN-Chattanooga": 480,
  "TN-KNOXVILLE": 430,
  "TN-NASHVILLE": 430,
  "TN-Memphis": 505,
  "TX-ABILENE": 455,
  "TX-Abilene": 485,
  "TX-AMARILLO": 455,
  "TX-ANDREWS": 505,
  "TX-EL PASO": 480,
  "TX-HASLET TX SUBLOT": 530,
  "TX-CORPUS CHRISTI": 355,
  "TX-Austin": 455,
  "TX-CRASHEDTOYS DALLAS": 305,
  "TX-MCALLEN": 430,
  "TX-DALLAS": 330,
  "TX-Dallas/Ft. Worth": 330,
  "TX-FT. WORTH": 330,
  "TX-HOUSTON": 280,
  "TX-Houston-North": 280,
  "TX-Fort Worth North": 355,
  "TX-LONGVIEW": 380,
  "TX-Lubbock": 525,
  "TX-LUFKIN": 330,
  "TX-AUSTIN": 355,
  "TX-Permian Basin": 480,
  "TX-ORMY TX SUBLOT": 485,
  "TX-Houston South (TX)": 300,
  "TX-SAN ANTONIO": 380,
  "TX-WACO": 380,
  "TX-ANTHONY TX SUBLOT": 530,
  "TX-WILMER TX SUBLOT": 330,
  "TX-Dallas": 330,
  "TX-DALLAS SOUTH": 330,
  "UT-OGDEN SUBLOT": 580,
  "UT-UT - SALT LAKE CITY": 630,
  "UT-SALT LAKE CITY": 630,
  "UT-Salt Lake City": 630,
  "VA-RICHMOND": 430,
  "VA-VA - RICHMOND EAST": 480,
  "VA-DANVILLE": 530,
  "VA-Culpeper": 480,
  "VA-VA - FREDERICKSBURG": 480,
  "VA-Fredericksburg": 380,
  "VA-Fredericksburg-South": 380,
  "VA-Northern Virginia": 380,
  "VA-HAMPTON": 480,
  "VA-Roanoke": 480,
  "VA-Pulaski": 530,
  "VA-Suffolk": 505,
  "VA-Tidewater": 420,
  "VT-Burlington": 580,
  "VT-ORLEANS VT SUBLOT": 630,
  "WA-NORTH SEATTLE": 705,
  "WA-Spokane": 850,
  "WA-Seattle South": 800,
  "WA-Seattle": 750,
  "WI-APPLETON": 655,
  "WI-Appleton": 680,
  "WI-MILWAUKEE": 620,
  "WI-MADISON": 680,
  "WI-MILWAUKEE NORTH": 620,
  "WI-Portage": 655,
  "WI-Milwaukee": 610,
  "WI-WAUKESHA WI SUBLOT": 680,
  "WV-Buckhannon": 600,
  "WV-Casper": 1500,
  "WV-CHARLESTON": 580,
  "WV-Shady Spring": 605,
  "WY-Casper,Â WYÂ": 1280,
  "WY-Casper": 1500
}